학교명,도로명우편번호,도로명주소,도로명상세주소,좌표X,좌표Y
서울숭신초등학교,4702,서울특별시 성동구 마장로 161,(하왕십리동),127.028005141452,37.5676883077439
한양초등학교,4763,서울특별시 성동구 살곶이길 208,/ 한양초등학교 (사근동),127.050263444631,37.5576210338606
세종초등학교,5006,서울특별시 광진구 군자로 114,/ 세종초등학교 (군자동),127.072864629554,37.5530110986438
성동초등학교,5114,서울특별시 광진구 자양로4길 63,(자양동),127.089281026795,37.5332813682573
서울행현초등학교,4713,서울특별시 성동구 행당로 95,(행당동),127.0293680158,37.5577089897922
서울행당초등학교,4746,서울특별시 성동구 고산자로8길 6,/ 서울행당초등학교 (행당동),127.034873404864,37.5570191301189
서울중마초등학교,4907,서울특별시 광진구 동일로72길 43,(중곡동),127.080023721804,37.5661150659734
서울중광초등학교,4908,서울특별시 광진구 긴고랑로13길 59,(중곡동/중광초등학교),127.082512285004,37.565172983593
서울장안초등학교,5004,서울특별시 광진구 군자로 74,(군자동),127.072402467919,37.549876450253
서울자양초등학교,5054,서울특별시 광진구 아차산로44길 26,(자양동),127.080107720459,37.5368378891148
서울응봉초등학교,4742,서울특별시 성동구 독서당로62길 28,(응봉동/ 응봉초등학교),127.033829695602,37.5502533901839
서울용마초등학교,4926,서울특별시 광진구 천호대로113길 10,(중곡동),127.083527417056,37.5578273465317
서울용답초등학교,4805,서울특별시 성동구 용답25길 1,/ 서울용답초등학교,127.053760797077,37.5607271218686
서울용곡초등학교,4940,서울특별시 광진구 용마산로22길 82,/ 서울용곡초등학교 (중곡동),127.088452984118,37.5671086161443
서울옥정초등학교,4735,서울특별시 성동구 한림말길 43,(옥수동/옥정초등학교),127.015785478614,37.5423097389598
서울옥수초등학교,4740,서울특별시 성동구 금호로1길 25,/ 옥수초등학교 (금호동4가),127.021869551034,37.5455293912538
서울양진초등학교,4982,서울특별시 광진구 워커힐로 32,(광장동/양진초중학교),127.098311399741,37.5445751665695
서울양남초등학교,5114,서울특별시 광진구 뚝섬로64길 71,/ (자양동/ 서울양남초등학교),127.089234331023,37.5311232360546
서울신자초등학교,5110,서울특별시 광진구 뚝섬로46길 64,/ 서울신자초등학교 (자양동),127.075587591515,37.5302454529249
서울신양초등학교,5090,서울특별시 광진구 능동로 42,/ 신양초등학교 (자양동),127.0699952764,37.5346820949284
서울송원초등학교,4800,서울특별시 성동구 동일로43길 9,(송정동),127.069526172922,37.5541592708709
서울성자초등학교,5102,서울특별시 광진구 뚝섬로56길 7,/ 서울성자초등학교 (자양동),127.083408323591,37.531493571169
서울성수초등학교,4798,서울특별시 성동구 아차산로17길 21,(성수동2가),127.062886077541,37.5443378762673
서울사근초등학교,4761,서울특별시 성동구 사근동11길 16,(사근동/ 사근초등학교),127.047573849243,37.5626797138007
서울무학초등학교,4710,서울특별시 성동구 무학봉15길 21,/ 서울무학초등학교 (하왕십리동),127.029643655901,37.5632747388032
서울마장초등학교,4753,서울특별시 성동구 마장로35나길 31,/ 서울마장초등학교 (마장동),127.041605053834,37.5683388716972
서울동호초등학교,4731,서울특별시 성동구 매봉길 49-35,(옥수동/ 동호초등학교),127.009879731064,37.5462920770572
서울동자초등학교,5069,서울특별시 광진구 뚝섬로 561,(자양동),127.072179165371,37.5350582094918
서울동의초등학교,4948,서울특별시 광진구 영화사로 111,(구의동/서울동의초등학교),127.099047310011,37.5534224448219
서울동명초등학교,4705,서울특별시 성동구 마장로29길 29,/ 서울동명초등학교 (마장동),127.035108248567,37.5681228514315
서울금호초등학교,4726,서울특별시 성동구 무수막길 69,/ 서울금호초등학교 (금호동2가),127.020752859362,37.5518979414195
서울금옥초등학교,4725,서울특별시 성동구 독서당로 251,(금호동4가/ 서울금옥초등학교),127.017491634615,37.5463023672305
서울금북초등학교,4721,서울특별시 성동구 행당로1길 13,/ 서울금북초등학교 (금호동1가),127.023556547484,37.5574954945237
서울구의초등학교,5022,서울특별시 광진구 광나루로30길 49,/ 서울구의초등학교 (화양동),127.08031177586,37.5430074366803
서울구남초등학교,5048,서울특별시 광진구 구의강변로 69,/ 서울구남초등학교 (구의동),127.092288798461,37.5370965949427
서울광진초등학교,4980,서울특별시 광진구 자양로40길 41,/ 서울광진초등학교 (구의동),127.091332532375,37.5476114602117
서울광장초등학교,4966,서울특별시 광진구 광장로1길 27,/ 서울광장초등학교 (광장동),127.101799885644,37.5485492186653
서울광남초등학교,4973,서울특별시 광진구 아차산로70길 35,(광장동),127.100704228215,37.5409675314785
서울경일초등학교,4774,서울특별시 성동구 뚝섬로 332,(성수동1가),127.046605149237,37.5409418986185
서울경수초등학교,4785,서울특별시 성동구 뚝섬로13길 22,(성수동2가/경수초등학교),127.058066769768,37.5404366739206
서울경동초등학교,4781,서울특별시 성동구 성수일로 34,(성수동1가/경동초등학교),127.050074037135,37.5438252989974
경복초등학교,4991,서울특별시 광진구 천호대로130길 58,/ 경복초등학교 (능동),127.086793350213,37.5498138606171
중앙대학교사범대학부속초등학교,6973,서울특별시 동작구 서달로 135,(흑석동/ 중앙대부속초등학교),126.960162287237,37.5052685494717
서울흑석초등학교,6904,서울특별시 동작구 현충로 87,/ 서울흑석초등학교 (흑석동),126.965149160443,37.5082970524535
서울행림초등학교,7031,서울특별시 동작구 솔밭로 47,(사당동/행림초등학교),126.964977725041,37.4828114848946
서울청룡초등학교,8833,서울특별시 관악구 관악로5길 61,(봉천동),126.951284574125,37.4767252713626
서울조원초등학교,8701,서울특별시 관악구 조원로 67,(신림동),126.909505620969,37.484127765974
서울인헌초등학교,8792,서울특별시 관악구 낙성대로 23,(봉천동),126.959875787277,37.4767753536009
서울은천초등학교,8716,서울특별시 관악구 은천로 69,(봉천동),126.942679132637,37.4865852040387
서울은로초등학교,6973,서울특별시 동작구 서달로 115,/ 서울은로초등학교 (흑석동),126.959778422441,37.5033929766399
서울원신초등학교,8846,서울특별시 관악구 광신길 177,/ 원신초등학교 (신림동),126.92727524954,37.4672075457163
서울원당초등학교,8739,서울특별시 관악구 봉천로 505,(봉천동),126.955766635019,37.4813047920283
서울영화초등학교,6933,서울특별시 동작구 등용로8길 3,/ 서울영화초등학교 (대방동),126.932815969374,37.5089369468762
서울영본초등학교,6915,서울특별시 동작구 만양로12가길 69,/ 서울영본초등학교 (본동),126.94864052145,37.5113065101691
서울신우초등학교,8823,서울특별시 관악구 호암로 498,/ 신우초등학교 (신림동),126.932535154048,37.4632725256816
서울신성초등학교,8839,서울특별시 관악구 신림로 114,/ 서울신성초등학교 (신림동),126.936754150323,37.472003312266
서울신상도초등학교,6967,서울특별시 동작구 장승배기로 14,(상도동/서울신상도초등학교),126.943817704578,37.5008246344742
서울신봉초등학교,8747,서울특별시 관악구 양녕로6나길 1,(봉천동),126.949130876206,37.4855779476851
서울신림초등학교,8842,서울특별시 관악구 문성로28길 31,/ 서울신림초등학교 (신림동),126.926876735629,37.4771198534832
서울신남성초등학교,7030,서울특별시 동작구 사당로 146,(사당동),126.964679741398,37.4887047110087
서울신길초등학교,6941,서울특별시 동작구 알마타길 16,(대방동),126.926808573769,37.5103665150217
서울상현초등학교,7039,서울특별시 동작구 상도로58길 21,(상도동),126.952669123087,37.4948743920855
서울상도초등학교,6961,서울특별시 동작구 성대로21길 62,(상도동/상도초등학교),126.937378799359,37.5003760295043
서울삼일초등학교,7000,서울특별시 동작구 사당로23나길 27,/ 서울삼일초등학교 (사당동),126.975188515742,37.4882593140973
서울삼성초등학교,8816,서울특별시 관악구 대학7길 52,/ 삼성초등학교 (신림동),126.940492900894,37.4685220375851
서울사당초등학교,8804,서울특별시 관악구 남현4길 51,/ 서울사당초등학교 (남현동),126.973366964486,37.4738196175948
서울봉현초등학교,8723,서울특별시 관악구 성현로 117,(봉천동/서울봉현초등학교),126.955347165898,37.4912022088395
서울봉천초등학교,8736,서울특별시 관악구 행운1라길 17,/ 서울봉천초등학교 (봉천동/봉천초등학교),126.95820924848,37.4832732140812
서울본동초등학교,6907,서울특별시 동작구 노량진로26길 16-40,/ 서울본동초등학교 (본동),126.953923907042,37.5106568125953
서울보라매초등학교,7063,서울특별시 동작구 여의대방로16길 30,/ 서울보라매초등학교 (신대방동),126.916144507788,37.4958518874539
서울미성초등학교,8770,서울특별시 관악구 문성로 79,/ 서울미성초등학교 (신림동),126.912392273996,37.4783399695494
서울문창초등학교,7066,서울특별시 동작구 신대방2길 14,(신대방동/서울문창초등학교),126.914528045959,37.4889482943857
서울동작초등학교,6992,서울특별시 동작구 동작대로29길 214,/ 서울동작초등학교 (사당동),126.976489285999,37.4940605364226
서울대림초등학교,6954,서울특별시 동작구 대방동1길 22,(대방동),126.924878133652,37.5006196717046
서울당곡초등학교,8711,서울특별시 관악구 보라매로2길 23,/ 23 (봉천동/당곡초등학교),126.930369788237,37.4901681154487
서울노량진초등학교,6924,서울특별시 동작구 장승배기로 160,(노량진동),126.940827465638,37.5117195690698
서울남성초등학교,7005,서울특별시 동작구 사당로23길 57-14,(사당동/ 서울남성초등학교),126.975577985193,37.4846330175369
서울남사초등학교,7014,서울특별시 동작구 동작대로13길 22,(사당동),126.978234357795,37.48194132287
서울남부초등학교,8763,서울특별시 관악구 남부순환로163길 14,/ 서울남부초등학교 (신림동),126.922183775699,37.4851194359099
서울난향초등학교,8859,서울특별시 관악구 난향길 9,(신림동/난향초등학교),126.918336846046,37.4628218910704
서울난우초등학교,8850,서울특별시 관악구 난우길 40,(신림동/난우초등학교),126.917458792183,37.4771205875183
서울난곡초등학교,8858,서울특별시 관악구 난곡로35길 102,(신림동/ 난곡초등학교),126.916341558815,37.4691282036291
서울구암초등학교,8724,서울특별시 관악구 구암길 1,/ 서울구암초등학교 (봉천동),126.946271723126,37.4892174749954
서울관악초등학교,8785,서울 관악구 청룡4길 49,/ 관악초등학교 (봉천동/관악초등학교),126.942570541831,37.4810297131995
서울강남초등학교,6912,서울특별시 동작구 강남초등길 15,(상도1동),126.953567215079,37.5062044480019
서울위례솔초등학교,5776,서울특별시 송파구 위례북로2길 12,/ 12,127.150753871028,37.486734037842
서울강빛초등학교,5201,서울특별시 강동구 아리수로93다길 1,"(강일동, 강빛초중통합학교)",127.170774922577,37.5743433210453
서울고현초등학교,5274,서울특별시 강동구 상일로11길 110,/ 서울고현초등학교,127.166050130468,37.5538039438067
서울해누리초등학교,5698,서울특별시 송파구 송파대로37길 95,(가락동),127.102124196858,37.4984115921213
서울강솔초등학교,5214,서울특별시 강동구 고덕로97길 80,/ 서울강솔초등학교 (강일동),127.180267055739,37.5618696246217
서울위례별초등학교,5850,서울특별시 송파구 위례광장로 243,/ 서울위례별초등학교 (장지동),127.145018831355,37.4790497618126
서울한산초등학교,5371,서울특별시 강동구 풍성로 261,(서울한산초등학교/ 둔촌동),127.14107694998,37.5286945837724
서울풍성초등학교,5506,서울특별시 송파구 강동대로2길 13,/ (풍납동/풍성초등학교),127.113492681415,37.5263118815737
서울풍납초등학교,5522,서울특별시 송파구 풍성로 43,(풍납동),127.117532366819,37.5352940632209
서울평화초등학교,5831,서울특별시 송파구 송파대로26길 22,/ 서울평화초등학교 (가락동),127.122700488472,37.4916183368483
서울토성초등학교,5533,서울특별시 송파구 풍성로20길 44,/ 서울토성초등학교 (풍납동),127.115772382237,37.5318963267968
서울천호초등학교,5309,서울특별시 강동구 구천면로 310-11,(천호동/서울천호초등학교),127.136592330295,37.5477189664877
서울천일초등학교,5330,서울특별시 강동구 구천면로 266,/ 서울천일초등학교 (천호동),127.133436718515,37.5443612197289
서울천동초등학교,5341,서울특별시 강동구 성안로 200,/ 서울천동초등학교 (길동),127.137828727405,37.541015901733
서울중대초등학교,5677,서울특별시 송파구 송파대로36길 8,(송파동),127.113605457993,37.4998119038214
서울잠현초등학교,5507,서울특별시 송파구 올림픽로37길 109,/ 서울잠현초등학교 (신천동),127.104722782408,37.5225858707847
서울잠전초등학교,5568,서울특별시 송파구 올림픽로12길 51,/ 서울잠전초등학교 (잠실동),127.083864376692,37.5073349275982
서울잠일초등학교,5501,서울특별시 송파구 올림픽로 95,/ 서울잠일초등학교 (잠실동),127.081636216984,37.5147416618092
서울잠실초등학교,5507,서울특별시 송파구 올림픽로35길 20,(신천동/잠실초등학교),127.110799789543,37.5201410422976
서울잠신초등학교,5502,서울특별시 송파구 잠실로 32,/ 서울잠신초등학교 (잠실동),127.087943541063,37.5141481480252
서울잠동초등학교,5504,서울특별시 송파구 올림픽로35길 122,(신천동/ 잠동초등학교),127.099997855402,37.518364083155
서울위례초등학교,5410,서울특별시 강동구 명일로 23,(둔촌동),127.139436648101,37.5223185221619
서울오륜초등학교,5649,서울특별시 송파구 양재대로 1196,/ 서울오륜초등학교 (방이동),127.134396802963,37.5124274792928
서울오금초등학교,5654,서울특별시 송파구 위례성대로22길 11,(오금동/ 서울오금초등학교),127.131977915625,37.5093704878322
서울영풍초등학교,5744,서울특별시 송파구 오금로57길 15,/ 서울영풍초등학교 (거여동),127.143214689204,37.4961862376383
서울아주초등학교,5572,서울특별시 송파구 올림픽로4길 59,/ 서울아주초등학교 (잠실동),127.075317277909,37.50578969665
서울신천초등학교,5503,서울특별시 송파구 올림픽로 215,(잠실동/ 주공아파트),127.095036549398,37.5140077737504
서울신암초등학교,5242,서울특별시 강동구 올림픽로93길 33-16,/ 서울신암초등학교 (암사동),127.124404356441,37.5500236743432
서울신명초등학교,5300,서울특별시 강동구 명일로24길 33,/ 서울신명초등학교 (길동),127.149979091111,37.5409268527757
서울신가초등학교,5706,서울특별시 송파구 송이로 75,/ 서울신가초등학교 (가락동),127.119700425145,37.5003207198096
서울송파초등학교,5666,서울특별시 송파구 백제고분로 400,(송파동),127.111247174893,37.5069549745149
서울송전초등학교,5607,서울특별시 송파구 석촌호수로 159,(잠실동),127.095121373383,37.5088312569718
서울송례초등학교,5853,서울특별시 송파구 위례순환로 439,(장지동),127.13849585496,37.4778940251025
서울세륜초등학교,5649,서울특별시 송파구 양재대로 1264,/ 서울세륜초등학교 (방이동),127.134157724554,37.5185748448001
서울성일초등학교,5396,서울특별시 강동구 성내로15길 33,/ 서울성일초등학교 (성내동),127.128408263098,37.5297092388513
서울성내초등학교,5392,서울특별시 강동구 성내로3길 19,(성내동/ 서울성내초등학교),127.122500139991,37.5313578593416
서울선사초등학교,5239,서울특별시 강동구 올림픽로 837,/ 서울선사초등학교 (암사동/ 서울선사초등학교),127.12819596827,37.5558469097869
서울선린초등학교,5367,서울특별시 강동구 진황도로61길 29,/ 서울선린초등학교 (둔촌동),127.145594039357,37.5297601213047
서울석촌초등학교,5689,서울특별시 송파구 가락로11길 26,/ 서울석촌초등학교 (석촌동),127.105238463221,37.5026527756676
서울상일초등학교,5283,서울특별시 강동구 천호대로 1477,(상일동),127.17266348564,37.5475721706533
서울삼전초등학교,5584,서울특별시 송파구 백제고분로28길 19,(삼전동),127.093268133907,37.5017012801562
서울버들초등학교,5555,서울특별시 송파구 석촌호수로 81,/ 서울버들초등학교 (잠실동),127.089274587416,37.5102185018601
서울방이초등학교,5636,서울특별시 송파구 위례성대로10길 4,/ 서울방이초등학교 (방이동),127.120531131015,37.513512293639
서울방산초등학교,5645,서울특별시 송파구 오금로27길 42,(방이동),127.121190696197,37.5095379215333
서울문현초등학교,5799,서울특별시 송파구 충민로 137,/ (서울문현초등학교) (장지동),127.130257129876,37.482790915501
서울문정초등학교,5797,서울특별시 송파구 문정로5길 20,/ 문정초등학교 (문정동),127.129206175689,37.4890774089099
서울문덕초등학교,5809,서울특별시 송파구 송이로34길 60,(문정동),127.127962742492,37.4850521596354
서울묘곡초등학교,5232,서울특별시 강동구 동남로79길 46,(고덕동),127.153093406496,37.5587127850485
서울명일초등학교,5256,서울특별시 강동구 고덕로38길 8,(암사동/ 서울명일초등학교),127.142591145632,37.554553599981
서울명원초등학교,5268,서울특별시 강동구 명일로 364,/ 서울명원초등학교 (명일동),127.15050016138,37.5512878500966
서울명덕초등학교,5230,서울특별시 강동구 양재대로156길 11,/ 서울명덕초등학교 (고덕동),127.145081475071,37.5567623333733
서울마천초등학교,5758,서울특별시 송파구 마천로61다길 24,/ 서울마천초등학교 (마천동),127.152704624882,37.495437509372
서울둔촌초등학교,5409,서울특별시 강동구 양재대로88길 27,/ 서울둔촌초등학교 (둔촌동),127.137454081546,37.5262199311307
서울대명초등학교,5271,서울특별시 강동구 상암로 271,(명일동/서울대명초등학교),127.152849551167,37.547707060343
서울남천초등학교,5745,서울특별시 송파구 성내천로 207,(마천동),127.151063224565,37.5013291325477
서울길동초등학교,5344,서울특별시 강동구 양재대로116길 69,/ 서울길동초등학교 (길동),127.144972942492,37.5385916779149
서울고일초등학교,5275,서울특별시 강동구 구천면로93길 20,/ 서울고일초등학교 (상일동),127.169410143976,37.5515426236302
서울고명초등학교,5267,서울특별시 강동구 고덕로46길 53,/ 서울고명초등학교 (명일동),127.147436202442,37.5529725262612
서울고덕초등학교,5221,서울특별시 강동구 아리수로82길 42,/ 고덕초등학교 (고덕동),127.166096972163,37.5612942209058
서울거원초등학교,5789,서울특별시 송파구 양산로2길 26,(거여동/거원초등학교),127.144815961872,37.4876385082093
서울거여초등학교,5731,서울특별시 송파구 마천로25길 18,(오금동/ 거여초등학교),127.140946785902,37.5050261154817
서울개롱초등학교,5742,서울특별시 송파구 문정로 211,/ 서울개롱초등학교 (오금동),127.139888149341,37.4973626123965
서울강일초등학교,5213,서울특별시 강동구 아리수로98길 24,/ 서울강일초등학교 (강일동),127.177212459316,37.565255684305
서울강명초등학교,5285,서울특별시 강동구 상일로 74-1,(상일동),127.173374480645,37.5547060358492
서울강동초등학교,5322,서울특별시 강동구 상암로14길 77,(천호동/서울강동초등학교),127.130187177341,37.5463638024947
서울강덕초등학교,5225,서울특별시 강동구 동남로82길 94-54,(고덕동/ 서울강덕초등학교),127.160483581978,37.5595474750238
서울가주초등학교,5823,서울특별시 송파구 오금로40길 37,/ 서울가주초등학교 (가락동/ 가주초등학교),127.129280370183,37.4965672156015
서울가원초등학교,5834,서울특별시 송파구 중대로4길 8,(문정동/ 가원초등학교),127.111028747643,37.4894427777046
서울가락초등학교,5698,서울특별시 송파구 송파대로37길 45,(가락동/ 가락초등학교),127.107214872322,37.4998746399971
서울가동초등학교,5820,서울특별시 송파구 중대로20길 47,(가락동),127.129790328684,37.4972559260218
우촌초등학교,2831,서울특별시 성북구 성북로4길 52-1,(돈암동/우촌초등학교),127.011400646113,37.5956408923336
영훈초등학교,1211,서울특별시 강북구 도봉로13가길 19,(미아동/학교법인영훈학원),127.02809331872,37.6146818749027
성신초등학교,2840,서울특별시 성북구 북악산로 918,(돈암동/성신초등학교),127.023128563512,37.5946226781717
매원초등학교,2828,서울특별시 성북구 북악산로 870,(돈암동),127.019187491701,37.597674141541
대광초등학교,2859,서울특별시 성북구 안암로 5,(보문동7가/대광초등학교),127.023445857158,37.5791510372431
광운초등학교,2763,서울특별시 성북구 한천로 694,/ 광운초등학교 (장위동/ 광운초등학교),127.055243952183,37.6189751371516
서울화계초등학교,1158,서울특별시 강북구 솔매로50가길 25,(미아동),127.02971619019,37.6238849781413
서울청덕초등학교,2706,서울특별시 성북구 정릉로9라길 11,(정릉동/서울청덕초등학교),127.000333434653,37.6120328876191
서울정수초등학교,2813,서울특별시 성북구 정릉로24길 58,(정릉동/서울정수초등학교),127.007718883621,37.6037748856219
서울정릉초등학교,2701,서울특별시 성북구 솔샘로25가길 8,(정릉동/서울정릉초등학교),127.005532713286,37.6197915298294
서울정덕초등학교,2826,서울특별시 성북구 아리랑로 63,(동소문동7가/서울정덕초등학교),127.013421324355,37.5982399496277
서울장위초등학교,2769,서울특별시 성북구 장월로8가길 41,(장위동/서울장위초등학교),127.050006419755,37.6114425067997
서울장월초등학교,2758,서울특별시 성북구 한천로101길 66,(장위동/ 서울장월초등학교),127.047320465849,37.6219292248914
서울장곡초등학교,2754,서울특별시 성북구 장월로23길 16,(장위동/서울장곡초등학교),127.048151233375,37.6168600216767
서울일신초등학교,2795,서울특별시 성북구 월곡로 74,(종암동/서울일신초등학교),127.040178106531,37.5988135716924
서울인수초등학교,1020,서울특별시 강북구 인수봉로 269,(수유동/서울인수초등학교),127.009135759866,37.6430505301735
서울유현초등학교,1095,서울특별시 강북구 인수봉로37길 24,(수유동/서울유현초등학교),127.011327052457,37.632286451855
서울월곡초등학교,2747,서울특별시 성북구 장월로3길 42,(장위동/서울월곡초등학교),127.046081036716,37.6100244163153
서울우이초등학교,1085,서울특별시 강북구 삼양로99길 36,(수유동/서울우이초등학교),127.014240485582,37.6386058279529
서울오현초등학교,1230,서울특별시 강북구 월계로 221,(번동/오현초등학교),127.046225894356,37.6232028439088
서울안암초등학교,2850,서울특별시 성북구 고려대로7가길 39,(안암동2가/ 서울안암초등학교),127.022098883314,37.5871586956296
서울숭인초등학교,2741,서울특별시 성북구 오패산로16길 37,(하월곡동/서울숭인초등학교),127.038146527662,37.6090977872099
서울숭례초등학교,2811,서울특별시 성북구 종암로5길 14,(종암동/서울숭례초등학교),127.035297176327,37.594521188017
서울숭덕초등학교,2718,서울특별시 성북구 정릉로 279,(정릉동/서울숭덕초등학교),127.013292433921,37.6038254756354
서울숭곡초등학교,2736,서울특별시 성북구 종암로40길 30,(하월곡동/서울숭곡초등학교),127.032815115145,37.6084328380922
서울수유초등학교,1116,서울특별시 강북구 삼양로74길 39,/ 수유초등학교,127.020292410668,37.631249657314
서울수송초등학교,1061,서울특별시 강북구 한천로124길 14,(번동),127.032917771185,37.6373144075316
서울송천초등학교,1208,서울특별시 강북구 삼양로20길 29,(미아동/서울송천초등학교),127.023735366645,37.614905195868
서울송중초등학교,1165,서울특별시 강북구 오현로 9,(미아동/송중초등학교),127.031996538921,37.6174690796359
서울성북초등학교,2837,서울특별시 성북구 성북로 102-10,(성북동/서울성북초등학교),126.99877539809,37.5940538893567
서울석관초등학교,2783,서울특별시 성북구 돌곶이로22길 21,/ 서울석관초등학교 (석관동/서울석관초등학교),127.058355255147,37.6110220564376
서울석계초등학교,2780,서울특별시 성북구 한천로58길 273,(석관동),127.069732061242,37.6088136847633
서울삼양초등학교,1181,서울특별시 강북구 삼양로49길 17,(미아동/삼양초등학교),127.016149099325,37.6232955761621
서울삼선초등학교,2863,서울특별시 성북구 보문로29길 106,(삼선동3가/서울삼선초등학교),127.012671844176,37.5871415236472
서울삼각산초등학교,1198,서울특별시 강북구 삼양로19길 141,(미아동/삼각산초등학교),127.014342650437,37.6160412359101
서울번동초등학교,1224,서울특별시 강북구 오현로 204,(번동/번동초등학교),127.040039390037,37.6290238580608
서울미양초등학교,1187,서울특별시 강북구 솔샘로 195,(미아동/미양초등학교),127.014133356491,37.6215324222942
서울미아초등학교,2724,서울특별시 성북구 삼양로 77,(길음동/ 서울미아초등학교),127.021644405392,37.6105876087904
서울동신초등학교,2874,서울특별시 성북구 보문사길 50,(보문동3가/서울동신초등학교),127.017057951549,37.5832878743837
서울돈암초등학교,2830,서울특별시 성북구 동소문로13길 38,(동소문동6가/서울돈암초등학교),127.013004275409,37.5937262094153
서울길음초등학교,2723,서울특별시 성북구 길음로 142,(길음동/서울길음초등학교),127.016659970388,37.6136311475404
서울길원초등학교,2715,서울특별시 성북구 길음로15길 55,/ 서울길원초등학교 (길음동),127.01679961391,37.6090646447836
서울개운초등학교,2806,서울특별시 성북구 정릉로48길 52,(돈암동/서울개운초등학교),127.027404487079,37.6018109508133
서울개현초등학교,6321,서울특별시 강남구 선릉로 15,(개포동),127.062042570555,37.4810262095918
서울자곡초등학교,6373,서울특별시 강남구 자곡로 150,(자곡동),127.099482575625,37.4720493601914
서울율현초등학교,6370,서울특별시 강남구 밤고개로21길 15,/ 서울율현초등학교 (자곡동),127.108265007698,37.474558700755
서울우솔초등학교,6767,서울특별시 서초구 양재대로2길 74,/ 서울우솔초등학교 (우면동),127.019275619438,37.4570942208519
서울세명초등학교,6375,서울특별시 강남구 자곡로 55,/ 서울세명초등학교 (세곡동),127.091075885061,37.4688571015783
서울우면초등학교,6765,서울특별시 서초구 태봉로,59,127.026054562784,37.4653655626944
서울학동초등학교,6100,서울특별시 강남구 선릉로115길 42,/ 서울학동초등학교 (논현동),127.039435597045,37.512045952
서울포이초등학교,6311,서울특별시 강남구 개포로22길 87,/ 서울포이초등학교 (개포동/포이초등학교),127.052045721323,37.4758166247606
서울청담초등학교,6010,서울특별시 강남구 압구정로71길 9,(청담동/청담초등학교),127.045153024716,37.5282818704161
서울잠원초등학교,6547,서울특별시 서초구 신반포로16길 15-25,(반포동/ 잠원초등학교),126.9983875282,37.5018590933365
서울일원초등학교,6345,서울특별시 강남구 영동대로4길 20,(일원동/일원초등학교),127.076141940265,37.4898127052732
서울이수초등학교,6692,서울특별시 서초구 방배천로4길 23,서울이수초등학교 (방배동/이수초등학교),126.984058772938,37.4781887381851
서울원촌초등학교,6544,서울특별시 서초구 사평대로45길 26,(반포동/서울원촌초등학교),127.012346682947,37.5062446440008
서울원명초등학교,6602,서울특별시 서초구 고무래로 90-6,(서초동/원명초등학교),127.017066977739,37.5007499044884
서울우암초등학교,6762,서울특별시 서초구 바우뫼로7길 38,(우면동/우암초등학교),127.02372343403,37.4722955480804
서울왕북초등학교,6353,서울특별시 강남구 광평로31길 74,(수서동/왕북초등학교),127.086237195421,37.4862610232719
서울영희초등학교,6338,서울특별시 강남구 일원로 21,(일원동/영희초등학교),127.081132787699,37.4923003980946
서울역삼초등학교,6251,서울특별시 강남구 강남대로66길 21,(역삼동/역삼초등학교),127.032564910969,37.4931444060362
서울언주초등학교,6268,서울특별시 강남구 남부순환로363길 19,(도곡동/언주초등학교),127.03679299115,37.4863219964306
서울언북초등학교,6066,서울특별시 강남구 삼성로135길 42,(청담동/언북초등학교),127.044715764538,37.520125172379
서울언남초등학교,6800,서울특별시 서초구 헌릉로8길 42,(내곡동),127.061436582525,37.4541133292306
서울양전초등학교,6328,서울특별시 강남구 개포로 513,/ 서울양전초등학교,127.069170862479,37.4902478541395
서울양재초등학교,6755,서울특별시 서초구 바우뫼로18길 14,(양재동/양재초등학교),127.03189250195,37.4741653841614
서울압구정초등학교,6004,서울특별시 강남구 압구정로39길 29,(압구정동/압구정초등학교),127.030841741797,37.5317391125935
서울신중초등학교,6712,서울특별시 서초구 남부순환로317길 15,(서초동/서울신중초등학교),127.009343254537,37.4801578791721
서울신동초등학교,6517,서울특별시 서초구 나루터로 15,(잠원동/신동초등학교),127.011390388152,37.5171300437436
서울신구초등학교,6029,서울특별시 강남구 압구정로18길 28,(신사동/신구초등학교),127.023992427855,37.5233605741978
서울수서초등학교,6348,서울특별시 강남구 광평로51길 46,(수서동/수서초등학교),127.10185783552,37.4911373654824
서울서초초등학교,6613,서울특별시 서초구 서운로 178,(서초동/서초초등학교),127.024891501335,37.4990487668755
서울서일초등학교,6723,서울특별시 서초구 남부순환로339길 38,(서초동/서일초등학교),127.02215975144,37.4852977769965
서울서이초등학교,6630,서울특별시 서초구 서운로 35,(서초동/서이초등학교),127.025618024318,37.491564668711
서울서원초등학교,6598,서울특별시 서초구 고무래로 63,/ 서울서원초등학교 (반포동),127.014619457733,37.5024388979462
서울서래초등학교,6574,서울특별시 서초구 방배로 260,(방배동/서래초등학교),126.990156472861,37.4964040023549
서울삼릉초등학교,6097,서울특별시 강남구 봉은사로63길 22,(삼성동/삼릉초등학교),127.047172253926,37.5132582999042
서울봉은초등학교,6078,서울특별시 강남구 학동로 610,(삼성동/봉은초등학교),127.060746725412,37.5200478271392
서울방현초등학교,6700,서울특별시 서초구 효령로4길 58,(방배동/방현초등학교),126.990073388581,37.4765029769283
서울방일초등학교,6663,서울특별시 서초구 방배로18길 52,(방배동),126.998848974708,37.4852056040312
서울방배초등학교,6570,서울특별시 서초구 방배중앙로13길 26,(방배동/방배초등학교),126.987137986274,37.4867641043401
서울반포초등학교,6502,서울특별시 서초구 신반포로 55-4,/ 서울반포초등학교 (반포동/반포초등학교),126.991741582915,37.5024848344961
서울반원초등학교,6510,서울특별시 서초구 잠원로3길 28,(잠원동/반원초등학교),127.004236132457,37.5103872227025
서울매헌초등학교,6780,서울특별시 서초구 언남길 8,(양재동/매헌초등학교),127.042057861972,37.4712624819608
서울도성초등학교,6213,서울특별시 강남구 역삼로 313,(역삼동/도성초등학교),127.048872178861,37.5014620128395
서울도곡초등학교,6205,서울특별시 강남구 선릉로64길 33,(대치동/ 도곡초등학교),127.054465527162,37.4995114113359
서울대현초등학교,6187,서울특별시 강남구 역삼로98길 16,(대치동/대현초등학교),127.063292075669,37.5034861238053
서울대치초등학교,6291,서울특별시 강남구 양재천로 363,(대치동/ 대치초등학교),127.06197065881,37.4912865672214
서울대청초등학교,6341,서울특별시 강남구 양재대로55길 28,/ 서울대청초등학교 (일원동),127.087767273125,37.4931480982967
서울대진초등학교,6334,서울특별시 강남구 개포로109길 74,/ 서울대진초등학교 (개포동),127.077861373551,37.4970275687873
서울대왕초등학교,6365,서울특별시 강남구 헌릉로618길 8,(세곡동/대왕초등학교),127.105303959604,37.4646391801831
서울대모초등학교,6363,서울특별시 강남구 광평로20길 27,/ 대모초등학교 (일원동/대모초등학교),127.085993825956,37.4805984530071
서울대도초등학교,6277,서울특별시 강남구 선릉로 209,(도곡동/ 서울대도초등학교),127.053206571031,37.4925857669174
서울대곡초등학교,6288,서울특별시 강남구 남부순환로 3022,/ 서울대곡초등학교 (대치동/대곡초등학교),127.065026465684,37.4947106436849
서울논현초등학교,6119,서울특별시 강남구 강남대로120길 33,(논현동/논현초등학교),127.026222910697,37.5084895751287
서울구룡초등학교,6305,서울특별시 강남구 개포로 263,(개포동/구룡초등학교),127.051771435538,37.4811973926876
서울개포초등학교,6331,서울특별시 강남구 삼성로4길 30,(개포동/ 개포초등학교),127.070310042973,37.4863349159759
서울개일초등학교,6323,서울특별시 강남구 개포로 401,/ 개일초등학교 (개포동/개일초등학교),127.057790853452,37.4862353839469
서울개원초등학교,6321,서울특별시 강남구 선릉로 29,"(개포동,개원초등학교)",127.059450501428,37.4816986136485
계성초등학교,6504,서울특별시 서초구 신반포로19길 23,/ 계성초등학교 (반포동),126.996654362592,37.5049357208076
서울교육대학교부설초등학교,6639,서울특별시 서초구 서초중앙로 96,(서초동/서울교대초등학교),127.015424537648,37.4907404857731
유석초등학교,7576,서울특별시 강서구 화곡로69길 9,(등촌동/유석초등학교),126.853779444824,37.560801806853
서울신은초등학교,8049,서울특별시 양천구 신정이펜2로 30,(신정동),126.832169591843,37.5139128078247
서울화일초등학교,7725,서울특별시 강서구 까치산로10길 70,(화곡동/서울화일초등학교),126.847470802939,37.5407120318703
서울화곡초등학교,7722,서울특별시 강서구 초록마을로 28,화곡동/화곡초등학교,126.846471725362,37.5436696173457
서울탑산초등학교,7525,서울특별시 강서구 허준로 109,(가양동/탑산초등학교),126.85259398539,37.5670047685109
서울치현초등학교,7514,서울특별시 강서구 방화대로47길 43,서울치현초등학교,126.814645646553,37.5759191517213
서울지향초등학교,8053,서울특별시 양천구 신정로11길 74,/ 서울지향초등학교 (신정동/지향초등학교),126.837023804089,37.5128376807713
서울정목초등학교,7961,서울특별시 양천구 목동중앙로3길 30-10,(목동/서울정목초등학교),126.870049083471,37.5365288457417
서울정곡초등학교,7518,서울특별시 강서구 방화대로50길 22,(방화동/정곡초등학교),126.818932773167,37.5769596950152
서울장수초등학교,8080,서울특별시 양천구 신정로13가길 30,(신정동),126.845159735242,37.5129972017178
서울은정초등학교,8100,서울특별시 양천구 목동남로 85,서울은정초등학교,126.867180395408,37.5111416389366
서울월촌초등학교,7980,서울특별시 양천구 목동중앙로 132,(목동/서울월촌초등학교),126.876258028151,37.5406954304154
서울월정초등학교,7761,서울특별시 강서구 월정로 176,(화곡동/월정초등학교),126.836293577736,37.5349941902013
서울우장초등학교,7689,서울특별시 강서구 화곡로 263,(화곡동/우장초등학교),126.845984193202,37.5496381852817
서울영도초등학교,7982,서울특별시 양천구 목동중앙로 70,/ 서울영도초등학교 (목동/서울영도초등학교),126.871942644571,37.5359499494616
서울염창초등학교,7554,서울특별시 강서구 양천로 646-28,(염창동/ 염창초등학교),126.867600184199,37.5532261352883
서울염동초등학교,7542,서울특별시 강서구 양천로73길 17,(염창동/염동초등학교),126.872350948978,37.5520954793159
서울염경초등학교,7535,서울특별시 강서구 양천로69길 49,(염창동/서울염경초등학교),126.871204647976,37.5550006717487
서울양화초등학교,7971,서울특별시 양천구 목동중앙북로16길 57,(목동/서울양화초등학교),126.873986042971,37.5436692981533
서울양천초등학교,7523,서울특별시 강서구 양천로 329,(가양동/양천초등학교),126.839539660332,37.5701881708645
서울양원초등학교,7909,서울특별시 양천구 화곡로 16,(신월동/서울양원초등학교),126.823105224215,37.538217327926
서울양목초등학교,8021,서울특별시 양천구 목동로11길 30,(신정동/ 서울양목초등학교),126.861669190913,37.5238792766238
서울양명초등학교,8091,서울특별시 양천구 중앙로 204,(신정동/양명초등학교),126.856634868655,37.516374951495
서울양동초등학교,7942,서울특별시 양천구 오목로23길 24,(신정동),126.851240194989,37.5258482641162
서울양강초등학교,7935,서울특별시 양천구 오목로 101,(신월동/ 서울양강초등학교),126.847375305566,37.5241103465762
서울신정초등학교,7746,서울특별시 강서구 곰달래로31가길 27,(화곡동),126.852357856852,37.5320717086296
서울신월초등학교,7716,서울특별시 강서구 강서로31길 48,(화곡동/신월초등학교),126.839455478388,37.5403655143855
서울신원초등학교,7915,서울특별시 양천구 남부순환로58길 32,(신월동/서울신원초등학교),126.829865622881,37.5295155831457
서울신서초등학교,8089,서울특별시 양천구 목동서로10길 35,(신정동 312-1번지),126.862325015812,37.5205352530134
서울신목초등학교,8017,서울특별시 양천구 신목로5길 11-6,(신정동/서울신목초등학교),126.872640811853,37.5166109770006
서울신남초등학교,8065,서울특별시 양천구 남부순환로83길,/ 44 (신월동),126.843152158167,37.5164578282463
서울신기초등학교,8106,서울특별시 양천구 신정로 292,(신정동/서울신기초등학교),126.854212986887,37.5113123131977
서울신곡초등학교,7731,서울특별시 강서구 등촌로13자길 42-14,(화곡동/신곡초등학교),126.856009569323,37.539095457491
서울신강초등학교,7931,서울특별시 양천구 중앙로55길 72,/ 서울신강초등학교 (신월동/서울신강초등학교),126.842263907731,37.5258441852217
서울수명초등학교,7643,서울특별시 강서구 수명로1길 84,(내발산동),126.823879421286,37.5527726671834
서울송화초등학교,7598,서울특별시 강서구 방화대로34길 2,(방화동/송화초등학교),126.818032939459,37.5681504658023
서울송정초등학교,7619,서울특별시 강서구 공항대로3길 18,(공항동),126.810281254376,37.5622308905044
서울서정초등학교,8002,서울특별시 양천구 목동로8길 19,(목동/서울서정초등학교),126.867236182114,37.523450121384
서울삼정초등학교,7508,서울특별시 강서구 금낭화로 222,/ 서울삼정초등학교 (방화동),126.810493686239,37.5805084341875
서울백석초등학교,7564,서울특별시 강서구 공항대로 491,(등촌동/백석초등학교),126.862425846537,37.5536476529209
서울방화초등학교,7611,서울특별시 강서구 양천로6길 92,(방화동),126.807498167739,37.5687040876215
서울발산초등학교,7640,서울특별시 강서구 강서로45길 113,(내발산동/발산초등학교),126.830994377549,37.5502624356308
서울목원초등학교,7978,서울특별시 양천구 목동중앙로 204,(목동/목원초등학교),126.882445908007,37.5429349691333
서울목운초등학교,7996,서울특별시 양천구 목동동로 235,/ 서울목운초등학교 (목동),126.873044206364,37.527009517428
서울목동초등학교,8010,서울특별시 양천구 목동동로12길 12,(신정동/서울목동초등학교),126.872119522597,37.5228087705411
서울등현초등학교,7578,서울특별시 강서구 화곡로65길 124,(등촌동/등현초등학교),126.847598419984,37.5614511765549
서울등촌초등학교,7669,서울특별시 강서구 등촌로39길 71,(등촌동/등촌초등학교),126.857942163854,37.5476142187642
서울등원초등학교,7577,서울특별시 강서구 화곡로65길 90,/ 서울등원초등학교 (등촌동),126.850068963394,37.5598135358227
서울등양초등학교,7580,서울특별시 강서구 강서로56나길 140,/ 등양초등학교 (등촌동/등양초등학교),126.844760249704,37.5649470358937
서울등서초등학교,7656,서울특별시 강서구 화곡로58길 86,(화곡동/등서초등학교),126.855038093326,37.5518843920056
서울등명초등학교,7585,서울특별시 강서구 강서로56나길 34,(등촌동/등명초등학교),126.842382226829,37.560894450375
서울등마초등학교,7672,서울특별시 강서구 등촌로35길 12,(등촌동/서울등마초등학교),126.861667207498,37.5420437126904
서울내발산초등학교,7693,서울특별시 강서구 강서로46길 23,(내발산동/내발산초등학교),126.838164214765,37.5508825455676
서울남명초등학교,8077,서울특별시 양천구 중앙로23길 3,(신정동/서울남명초등학교),126.854099844566,37.5156885267235
서울공항초등학교,7798,서울특별시 강서구 마곡서1로 68,(마곡동),126.821316918027,37.563110720995
서울공진초등학교,7810,서울특별시 강서구 마곡서로 33,/ 서울공진초등학교 (마곡동 749-2),126.822806144479,37.5578308778281
서울계남초등학교,8099,서울특별시 양천구 목동동로2길 54,/ 서울계남초등학교 (신정동/서울계남초등학교),126.86001590922,37.5101677598408
서울경인초등학교,7985,서울특별시 양천구 안양천로 1009,(목동/서울경인초등학교),126.885695675904,37.5328710177851
서울개화초등학교,7507,서울특별시 강서구 양천로 11,(방화동/개화초등학교),126.804694204855,37.5739262377478
서울강월초등학교,8042,서울특별시 양천구 신월로 97,(신월동/서울강월초등학교),126.833431935892,37.516341716111
서울강신초등학교,7901,서울특별시 양천구 월정로 280,/ 서울강신초등학교 (신월동/서울강신초등학교),126.829583681761,37.5420997085334
서울강서초등학교,7930,서울특별시 양천구 오목로 31,(신월동/ 서울강서초등학교),126.840987861073,37.5224127216539
서울갈산초등학교,8100,서울특별시 양천구 목동로 31,/ 서울갈산초등학교 (신정동),126.870229875385,37.5123715649068
서울가양초등학교,7533,서울 강서구 허준로 186,/ (가양동/가양초등학교),126.858521557616,37.5622171927841
서울가곡초등학교,7633,서울특별시 강서구 공항대로36길 74,(내발산동/가곡초등학교),126.836103074522,37.5557076050115
서울대학교사범대학부설초등학교,3087,서울특별시 종로구 대학로 64,(동숭동/서울사대부설초등학교),127.004295521787,37.5775997032467
운현초등학교,3131,서울특별시 종로구 삼일대로 460,(운니동/운현초등학교),126.988198556535,37.5766672930696
신광초등학교,4313,서울특별시 용산구 청파로 263,/ 신광초등학교 청파동 3가 100 (청파동3가),126.969447523164,37.5428998795519
숭의초등학교,4628,서울특별시 중구 소파로2길 10,/ 숭의초등학교 (예장동),126.987481605528,37.5578530747432
서울흥인초등학교,4586,서울특별시 중구 청구로6길 11,(신당동/흥인초등학교),127.014555488211,37.560870009971
서울후암초등학교,4328,서울특별시 용산구 두텁바위로 140,/ 서울후암초등학교 (후암동),126.981724291635,37.5513654103686
서울효제초등학교,3126,서울특별시 종로구 대학로 12,/ 서울효제초등학교 (효제동),127.003515410111,37.5727179599562
서울혜화초등학교,3067,서울특별시 종로구 혜화로 32,/ 서울혜화초등학교 (혜화동),126.999927989279,37.5891727709231
서울한남초등학교,4418,서울특별시 용산구 한남대로 112,/ 서울한남초등학교 (한남동),127.005599847436,37.5392036532348
서울한강초등학교,4388,서울특별시 용산구 한강대로14길 9,/ 서울한강초등학교 (한강로3가),126.965099429477,37.5252261730909
서울충무초등학교,4618,서울 중구 퇴계로50길 13,(장충동2가/충무초등학교),127.001235055009,37.5619494839149
서울청파초등학교,4306,서울특별시 용산구 효창원로 228,/ 서울청파초등학교 (청파동2가),126.963543924367,37.5473049014312
서울청운초등학교,3032,서울특별시 종로구 자하문로 105,/ 청운초등학교 (청운동),126.969294698603,37.585805731799
서울청구초등학교,4589,서울특별시 중구 다산로 170,(신당동/청구초등학교),127.013724413955,37.5591166793514
서울창신초등학교,3103,서울특별시 종로구 지봉로 73,/ 서울창신초등학교 (창신동),127.014293687874,37.5762114748296
서울재동초등학교,3056,서울특별시 종로구 북촌로4길 7,/ 서울재동초등학교 (가회동),126.9855017071,37.5799415657652
서울장충초등학교,4609,서울특별시 중구 청구로17길 40,/ 서울장충초등학교 (신당동),127.01170475684,37.559971222213
서울이태원초등학교,4345,서울특별시 용산구 녹사평대로40길 19,(이태원동/이태원초등학교),126.987672660332,37.5364777066784
서울원효초등학교,4357,서울특별시 용산구 효창원로13길 38,/ 서울원효초등학교 (산천동/원효초등학교),126.951545316146,37.5361612583146
서울용암초등학교,4341,서울특별시 용산구 녹사평대로60길 39,(용산동2가/ 용암초등학교),126.989434775031,37.5453029008824
서울용산초등학교,4375,서울 용산구 한강대로57길 33,(한강로2가/용산초등학교),126.972550624529,37.535613442977
서울신용산초등학교,4423,서울특별시 용산구 이촌로 255,/ 301-75번지 (이촌동),126.975366260146,37.5206295929735
서울신당초등학교,4579,서울특별시 중구 난계로 141,(신당동),127.023673134876,37.5636262141245
서울세검정초등학교,3014,서울특별시 종로구 세검정로9길 1,(신영동/서울세검정초등학교),126.961073121539,37.6034986015128
서울서빙고초등학교,4384,서울특별시 용산구 서빙고로51길 14,/ 서울서빙고초등학교 (서빙고동),126.992300401397,37.5220689203394
서울삼광초등학교,4335,서울특별시 용산구 두텁바위로1나길 19,/ 서울삼광초등학교 (후암동),126.976594308147,37.5477523117279
서울봉래초등학교,4501,서울특별시 중구 손기정로 73,(만리동2가),126.965250577981,37.5564123449189
서울보광초등학교,4407,서울특별시 용산구 우사단로 20,(이태원동/보광초등학교),126.996391100579,37.5325404707342
서울명신초등학교,3093,서울특별시 종로구 낙산길 250,(창신동),127.013724533725,37.5813606333694
서울매동초등학교,3027,서울특별시 종로구 사직로9길 19,/ 서울매동초등학교 (필운동),126.966716978826,37.5775391376934
서울독립문초등학교,3025,서울특별시 종로구 통일로12길 23,(무악동),126.960148752178,37.5740826001873
서울덕수초등학교,4519,서울특별시 중구 덕수궁길 140,/ 서울덕수초등학교 (정동),126.974657902016,37.5690888764456
서울남정초등학교,4368,서울특별시 용산구 원효로64길 17-10,/ 서울남정초등학교 (원효로2가),126.964803669293,37.5356738275449
서울남산초등학교,4629,서울특별시 중구 퇴계로22길 17,/ 서울남산초등학교 (남산동2가),126.986776737543,37.5597837446411
서울금양초등학교,4318,서울특별시 용산구 효창원로 137,/ 서울금양초등학교 (효창동),126.961831873199,37.5409423141075
서울교동초등학교,3132,서울특별시 종로구 삼일대로 446,(경운동),126.988075995471,37.5749936834295
서울광희초등학교,4569,서울특별시 중구 다산로 269,(신당동/광희초등학교),127.015687859678,37.5672992845452
상명대학교사범대학부속초등학교,3015,서울특별시 종로구 홍지문2길 1,(홍지동/ 상명초등학교),126.956425519955,37.6007485057551
리라초등학교,4628,서울특별시 중구 소파로2길 7,(예장동),126.987980721445,37.5578196996083
동산초등학교,4592,서울특별시 중구 매봉18길 109,/ 동산초등학교 (신당동),127.016725380867,37.5562046295135
화랑초등학교,1797,서울특별시 노원구 화랑로 621,(공릉동/화랑초등학교),127.091621159803,37.6273815936787
한신초등학교,1438,서울특별시 도봉구 노해로49길 69,(쌍문동/한신초등학교),127.032427255133,37.6533558400471
태강삼육초등학교,1795,서울특별시 노원구 화랑로 815,/ 태강삼육초등학교 (공릉동),127.108850343184,37.643357369067
청원초등학교,1672,서울특별시 노원구 한글비석로 506,/ (상계동/청원초/중/고등학교) (상계동),127.062532889006,37.6652515464657
서울한천초등학교,1911,서울특별시 노원구 마들로 45,/ 서울한천초등학교 (월계동),127.069258063469,37.6207501680548
서울태릉초등학교,1823,서울특별시 노원구 노원로1길 36,/ 서울태릉초등학교 (공릉동),127.08478195175,37.622879790197
서울태랑초등학교,1801,서울특별시 노원구 화랑로51나길 31,/ 서울태랑초등학교 (공릉동),127.090915053347,37.6262508612825
서울초당초등학교,1364,서울특별시 도봉구 해등로32길 11,(방학동),127.021956174977,37.6586278284753
서울청계초등학교,1781,서울특별시 노원구 공릉로 431,/ 서울청계초등학교 (중계동),127.065817490235,37.6449803620092
서울창일초등학교,1424,서울특별시 도봉구 노해로66길 84,/ 창일초등학교 (창동),127.047626299257,37.647657641563
서울창원초등학교,1427,서울특별시 도봉구 해등로 103,(창동/서울창원초등학교),127.039979883482,37.6526440884387
서울창림초등학교,1486,서울특별시 도봉구 덕릉로63길 46,(창동),127.041604074164,37.6432370796248
서울창동초등학교,1400,서울특별시 도봉구 해등로16길 81,(창동),127.044832890478,37.6553630407375
서울창도초등학교,1338,서울특별시 도봉구 방학로 32-28,(방학동/ 서울창도초등학교),127.048784033819,37.6641348713315
서울창경초등학교,1432,서울특별시 도봉구 도봉로129길 54,(쌍문동/창경초등학교),127.034602499962,37.6566021823161
서울중현초등학교,1862,서울특별시 노원구 섬밭로 181,/ 서울중현초등학교 (하계동/중현초등학교),127.066056635951,37.632255170053
서울중평초등학교,1776,서울특별시 노원구 섬밭로 241,/ 서울중평초등학교 (하계동),127.063731552615,37.6372508810163
서울중원초등학교,1777,서울특별시 노원구 섬밭로 316,(중계동),127.063052005752,37.6439662833968
서울중계초등학교,1699,서울특별시 노원구 한글비석로19길 39,/ 서울중계초등학교 (중계동),127.073348327013,37.6578622263163
서울자운초등학교,1411,서울특별시 도봉구 마들로13길 166,/ 서울자운초등학교 (창동),127.047017564524,37.6580556761129
서울을지초등학교,1741,서울특별시 노원구 중계로 239,(중계동),127.073350350295,37.6505874233691
서울월천초등학교,1420,서울특별시 도봉구 노해로70길 96,(창동/서울월천초등학교),127.051425751311,37.6479137277855
서울월계초등학교,1882,서울특별시 노원구 월계로45가길 10,(월계동/월계초등학교),127.050869480548,37.6279505755622
서울원광초등학교,1713,서울특별시 노원구 덕릉로76길 18,(중계동/원광초등학교),127.075304285056,37.654290852548
서울용원초등학교,1851,서울특별시 노원구 섬밭로 144,/ 용원초등학교 (공릉동/ 서울용원초등학교),127.068936691961,37.6299301501593
서울용동초등학교,1789,서울특별시 노원구 한글비석로1길 81-11,(중계동/용동초등학교),127.069114774673,37.6410575739212
서울온곡초등학교,1671,서울특별시 노원구 한글비석로52길 59,(상계동/온곡초등학교),127.065597387199,37.6673295252885
서울오봉초등학교,1310,서울특별시 도봉구 시루봉로 285,/ 서울오봉초등학교 (도봉동),127.040258979982,37.6717184874026
서울연촌초등학교,1810,서울특별시 노원구 공릉로58길 36,/ 서울연촌초등학교 (하계동),127.072522941451,37.6344239191317
서울연지초등학교,1864,서울특별시 노원구 월계로55길 48,(월계동),127.059550025404,37.6331961990879
서울쌍문초등학교,1378,서울특별시 도봉구 우이천로 360,/ 서울쌍문초등학교 (쌍문동/쌍문초등학교),127.024291051625,37.6483638272869
서울신화초등학교,1482,서울특별시 도봉구 우이천로 120,/ 신화초등학교 (창동),127.04088417427,37.6331950434853
서울신학초등학교,1362,서울특별시 도봉구 방학로 247-21,(방학동),127.025721318601,37.6612204531084
서울신창초등학교,1480,서울특별시 도봉구 덕릉로60길 93,/ 신창초등학교 (창동),127.042084340998,37.6365395299158
서울신상계초등학교,1639,서울특별시 노원구 상계로 267,/ 신상계초등학교 (상계동),127.075828032383,37.6675183641329
서울신방학초등학교,1316,서울특별시 도봉구 시루봉로 173,/ 서울신방학초등학교 (방학동),127.028918089521,37.6666842526367
서울신계초등학교,1877,서울특별시 노원구 초안산로 29,(월계동/신계초등학교),127.052871958868,37.6299890777455
서울숭미초등학교,1380,서울특별시 도봉구 노해로 179,(쌍문동/숭미초등학교),127.027944278021,37.6510234416817
서울수암초등학교,1725,서울특별시 노원구 중계로12길 9,(중계동/수암초등학교),127.081465589212,37.647684897261
서울수락초등학교,1602,서울특별시 노원구 동일로 1745,(상계동/서울수락초등학교),127.055187311236,37.684506075345
서울선곡초등학교,1899,서울특별시 노원구 광운로2길 1,/ 서울선곡초등학교 (월계동),127.057730270535,37.618602019203
서울상천초등학교,1765,서울특별시 노원구 덕릉로 443,/ 서울상천초등학교 (상계동),127.057447991502,37.6461060086385
서울상월초등학교,1687,서울특별시 노원구 동일로221길 27,(상계동),127.057369284524,37.658683945506
서울상원초등학교,1672,서울특별시 노원구 한글비석로54길 119,(상계동),127.059630713208,37.6676655147961
서울상수초등학교,1755,서울특별시 노원구 동일로216길 66,/ 서울상수초등학교 (상계동),127.064586804676,37.6510888982527
서울상곡초등학교,1677,서울특별시 노원구 노원로38길 34,/ 서울상곡초등학교 (상계동),127.062234187186,37.6628823049142
서울상계초등학교,1685,서울특별시 노원구 상계로9길 39,/ 서울상계초등학교 (상계동),127.066336425835,37.6588438529621
서울상경초등학교,1618,서울특별시 노원구 수락산로 237,(상계동/상경초등학교),127.051773754079,37.6704594706621
서울불암초등학교,1721,서울특별시 노원구 중계로 178,/ 서울불암초등학교 (중계동),127.080650989428,37.6511506377134
서울백운초등학교,1368,서울특별시 도봉구 삼양로146길 17,(쌍문동),127.013672482387,37.6526415114592
서울방학초등학교,1357,서울특별시 도봉구 도당로9길 34,/ 방학초등학교 (방학동),127.032747955457,37.6639337284245
서울동일초등학교,1619,서울특별시 노원구 한글비석로 566,/ 동일초등학교 (상계동),127.054322233957,37.6648178269709
서울도봉초등학교,1313,서울특별시 도봉구 도봉로173길 96,(도봉동),127.038288664028,37.679961751365
서울덕암초등학교,1645,서울특별시 노원구 덕릉로112길 68,/ 서울덕암초등학교 (상계동),127.081715132961,37.6666337243041
서울당현초등학교,1764,서울특별시 노원구 동일로213길 52,/ 서울당현초등학교 (상계동),127.058252457257,37.6482303134222
서울누원초등학교,1318,서울특별시 도봉구 마들로 859-44,(도봉동),127.04926716395,37.6872327127492
서울녹천초등학교,1907,서울특별시 노원구 마들로3길 34,/ 서울녹천초등학교 (월계동),127.063134105063,37.6285101097035
서울노일초등학교,1613,서울특별시 노원구 동일로 1625,(상계동/노일초등학교),127.05513756871,37.6735135287049
서울노원초등학교,1629,서울특별시 노원구 동일로230나길 32,(상계동/ 노원초등학교),127.058460101574,37.6735901336984
서울공연초등학교,1841,서울특별시 노원구 동일로192가길 16,(공릉동/서울공연초등학교),127.074030837547,37.62719482311
서울공릉초등학교,1861,서울특별시 노원구 동일로173길 12,(공릉동/서울공릉초등학교),127.074614270574,37.6186120126537
서울계상초등학교,1680,서울특별시 노원구 한글비석로41가길 24,(상계동),127.068880275281,37.6624464105885
서울가인초등학교,1397,서울특별시 도봉구 도봉로136다길 4,(창동/가인초등학교),127.042950889775,37.6594678039701
상명초등학교,1758,서울특별시 노원구 덕릉로 541,/ 상명초등학교 (중계동),127.066984539254,37.648727616308
동북초등학교,1375,서울특별시 도봉구 시루봉로 53,/ 동북초등학교 (쌍문동),127.026703057445,37.6562750160952
서울항동초등학교,8368,서울특별시 구로구 연동로 178,(항동),126.824189454348,37.4770921430884
서울하늘숲초등학교,8350,서울특별시 구로구 오리로 1106,", 서울하늘숲초등학교 (천왕동)",126.841481997252,37.4841594284099
서울금나래초등학교,8611,서울특별시 금천구 시흥대로79길 37,(시흥동),126.896205569649,37.4582299981347
서울천이초등학교,8350,서울특별시 구로구 오류로 30,/ 서울천이초등학교 (오류동),126.83999205713,37.4863679517074
서울천왕초등학교,8364,서울특별시 구로구 천왕로1길 11,(천왕동),126.836947364315,37.481412481777
서울탑동초등학교,8575,서울특별시 금천구 탑골로 47-3,(시흥동/ 탑동초등학교),126.914525435709,37.4523226721912
서울정심초등학교,8556,서울특별시 금천구 독산로78다길 89,/ 정심초등학교 (독산동),126.908186532287,37.4719826762833
서울윤중초등학교,7322,서울특별시 영등포구 여의나루로2길 14,(여의도동),126.92259080096,37.5196416407122
서울우신초등학교,7347,서울특별시 영등포구 신길로 190,(신길동/우신초등학교),126.911863664868,37.5098647213535
서울온수초등학교,8260,서울특별시 구로구 부일로 893,(온수동),126.826661571624,37.4935106167356
서울오정초등학교,8359,서울특별시 구로구 경인로2길 10,/ 서울오정초등학교 (오류동),126.82641766297,37.4901372514516
서울오류초등학교,8268,서울특별시 구로구 경인로19길 39,/ 서울오류초등학교 (오류동),126.842037699221,37.4975370576845
서울오류남초등학교,8342,서울특별시 구로구 서해안로24길 22,(오류동/ 오류남초등학교),126.839098527316,37.4897166823284
서울영중초등학교,7245,서울특별시 영등포구 양산로 185,/ 서울영중초등학교 (영등포동7가),126.903695688306,37.5241432995791
서울영일초등학교,8321,서울특별시 구로구 남부순환로105길 218,/ 서울영일초등학교 (가리봉동),126.883911257917,37.4856100736284
서울영원초등학교,7365,서울특별시 영등포구 도영로 22길 31,(도림동),126.902182504089,37.5107193620837
서울영신초등학교,7350,서울특별시 영등포구 도신로60길 23,(신길동),126.918122078214,37.5101719627186
서울영서초등학교,8370,서울특별시 구로구 도림로20길 57,/ 영서초등학교 (구로동),126.895027399291,37.4879630931966
서울영문초등학교,7281,서울특별시 영등포구 문래로 56,/ 서울영문초등학교 (문래동6가),126.887589090951,37.5198074103506
서울영림초등학교,7445,서울특별시 영등포구 시흥대로173길 14,/ 서울영림초등학교 (대림동),126.902516130281,37.4873460122893
서울영등포초등학교,7363,서울특별시 영등포구 경인로 756,(문래동1가),126.898260025571,37.5129480156762
서울영동초등학교,7229,서울특별시 영등포구 국회대로53길 20,/ (당산동/ 영동초등학교) (당산동),126.907703382657,37.5270069102324
서울영남초등학교,8551,서울특별시 금천구 문성로 62-15,(독산동),126.909922783649,37.4758806998687
서울여의도초등학교,7341,서울특별시 영등포구 여의대방로 439,/ 서울여의도초등학교 (여의도동),126.93679444014,37.5232048215986
서울안천초등학교,8597,서울특별시 금천구 한내로 69-16,/ 서울안천초등학교 (독산동),126.88839136672,37.4587578075219
서울신흥초등학교,8569,서울특별시 금천구 독산로36나길 21,(시흥동/ 신흥초등학교),126.909349183257,37.4592842732301
서울신영초등학교,7378,서울특별시 영등포구 도신로4길 32,(대림동/신영초등학교),126.896094817069,37.5010060169412
서울신미림초등학교,8211,서울특별시 구로구 신도림로 26,(신도림동/ 신미림초등학교),126.879584155104,37.5071588011358
서울신도림초등학교,8201,서울특별시 구로구 신도림로19길 44,/ 서울신도림초등학교 (신도림동),126.88315069881,37.5119963604915
서울신대림초등학교,7439,서울특별시 영등포구 대림로8길 25,(대림동),126.90607771762,37.4921487438027
서울신구로초등학교,8299,서울특별시 구로구 가마산로27길 69,(구로동/서울신구로초등학교),126.888857414498,37.4994208675251
서울시흥초등학교,8627,서울특별시 금천구 독산로23길 26,/ 서울시흥초등학교 (시흥동),126.904649154185,37.4553481963092
서울세곡초등학교,8245,서울특별시 구로구 고척로33길 34,(고척동/세곡초등학교),126.849126611988,37.5050604361168
서울선유초등학교,7210,서울특별시 영등포구 선유로43가길 14,(양평동3가/ 서울선유초등학교),126.892776819259,37.532879190933
서울백산초등학교,8650,서울특별시 금천구 시흥대로38길 78,(시흥동/ 백산초등학교),126.905064619222,37.4467672802822
서울미래초등학교,8288,서울특별시 구로구 새말로 73,/ 서울미래초등학교 (구로동),126.888080264013,37.5051066487493
서울문성초등학교,8540,서울특별시 금천구 시흥대로 460,/ 서울문성초등학교  (독산동),126.899471333222,37.4748818804257
서울문백초등학교,8634,서울특별시 금천구 시흥대로47길 43-1,(시흥동/ 문백초등학교),126.898688718403,37.4471198696556
서울문래초등학교,7295,서울특별시 영등포구 문래로 104,(문래동3가/ 문래초등학교),126.893605730635,37.5191403848287
서울문교초등학교,8561,서울특별시 금천구 독산로54길 102,/ 문교초등학교 (독산동),126.90892992546,37.4667696443557
서울매봉초등학교,8251,서울특별시 구로구 고척로21길 55,/ 서울매봉초등학교 (개봉동),126.844383110615,37.5049421974545
서울두산초등학교,8587,서울특별시 금천구 범안로11길 3,/ 서울두산초등학교 (독산동),126.890946472913,37.467546675265
서울동구로초등학교,8303,서울특별시 구로구 구로중앙로14길 43,/ 서울동구로초등학교 (구로동),126.893016334052,37.4944479994725
서울독산초등학교,8617,서울특별시 금천구 시흥대로104길 31,(독산동/독산초등학교),126.899712928109,37.4656561906645
서울도신초등학교,7409,서울특별시 영등포구 도림로53길 32-9,/ 서울도신초등학교 (대림동),126.900714062322,37.4992678949668
서울도림초등학교,7384,서울특별시 영등포구 가마산로65길 22,/ 서울도림초등학교 (신길동),126.907115425568,37.5086786949617
서울덕의초등학교,8241,서울특별시 구로구 고척로 213,(고척동/덕의초등학교),126.857353094103,37.5060004032334
서울대영초등학교,7397,서울특별시 영등포구 신길로23길 43,(신길동/대영초등학교),126.906524398043,37.5026541997676
서울대방초등학교,7391,서울특별시 영등포구 여의대방로35길 14,(신길동),126.919020182507,37.5029001208602
서울대동초등학교,7418,서울특별시 영등포구 대림로21길 6,/ 서울대동초등학교 (대림동),126.900450594121,37.4937093653318
서울대길초등학교,7434,서울특별시 영등포구 대방천로 206,/ 서울대길초등학교 (신길동),126.913035010017,37.4982314495379
서울당중초등학교,7271,서울특별시 영등포구 선유로 131,/ 서울당중초등학교 (양평동3가),126.889413529916,37.52628923031
서울당서초등학교,7213,서울특별시 영등포구 당산로 187,/ 서울당서초등학교 (당산동5가),126.89981419859,37.5320274377069
서울당산초등학교,7206,서울특별시 영등포구 선유로55길 32,/ 서울당산초등학교 (양평동4가),126.896241067017,37.5401191186811
서울금천초등학교,8571,서울특별시 금천구 탑골로5길 60,(시흥동),126.912886851466,37.4548043070511
서울금산초등학교,8651,서울특별시 금천구 시흥대로24길 57,"(시흥동, 서울금산초등학교)",126.907881604603,37.4414211782481
서울금동초등학교,8645,서울특별시 금천구 금하로30길 53,/ 서울금동초등학교 (시흥동),126.916396430625,37.4477657831877
서울구일초등학교,8324,서울특별시 구로구 구일로 68,(구로동/구일초등학교),126.873472709056,37.4931918730561
서울구로초등학교,8283,서울특별시 구로구 구로중앙로27나길 9,/ 구로동443 (구로동),126.886001814771,37.4972616788429
서울구로남초등학교,8375,서울특별시 구로구 디지털로27길 76,(구로동/구로남초등학교),126.890267788001,37.4847045985983
서울고척초등학교,8232,서울특별시 구로구 경서로 31,(고척동),126.8568624099,37.5009977911143
서울고원초등학교,8275,서울특별시 구로구 경인로46길 13,(고척동/ 서울고원초등학교),126.865771276704,37.4976454267483
서울고산초등학교,8223,서울특별시 구로구 중앙로 6,(고척동/ 고산초등학교),126.865350068539,37.4993252329505
서울개웅초등학교,8349,서울특별시 구로구 개봉로11길 98,(개봉동/개웅초등학교),126.849982268839,37.4885713176365
서울개봉초등학교,8333,서울특별시 구로구 개봉로16길 30-11,(개봉동),126.857972181036,37.4895280611996
서울개명초등학교,8355,서울특별시 구로구 개봉로1다길 16-9,(개봉동/개명초등학교),126.850940659082,37.483056382598
서울가산초등학교,8530,서울특별시 금천구 남부순환로 1304-11,/ 서울가산초등학교 (독산동),126.896184019972,37.4781477195501
동광초등학교,8656,서울특별시 금천구 탑골로10길 45,/ 동광초등학교 (시흥동),126.915824008297,37.4519206711218
서울어울초등학교,3370,서울특별시 은평구 통일로 650,/ 서울어울초등학교 (녹번동),126.935058620612,37.6065633137733
서울가재울초등학교,3711,서울특별시 서대문구 모래내로15길 61,(남가좌동),126.918388033648,37.5737644190198
서울은빛초등학교,3301,서울특별시 은평구 진관3로 73-17,(진관동),126.918730453447,37.6426828611882
서울하늘초등학교,3918,서울특별시 마포구 월드컵북로 502-14,/ 서울하늘초등학교 (상암동),126.880857196502,37.5858060895514
서울수리초등학교,3362,서울특별시 은평구 불광로14길 10-10,(불광동),126.934110930932,37.6203073698534
홍익대학교사범대학부속초등학교,3967,서울특별시 마포구 성미산로 51,(성산동),126.912928685692,37.559665162458
충암초등학교,3481,서울특별시 은평구 가좌로5길 5,(응암동),126.921809482886,37.5846402882465
추계초등학교,3762,서울특별시 서대문구 북아현로11가길 7,(북아현동/추계초등학교),126.954059321222,37.5631767195176
이화여자대학교사범대학부속초등학교,3765,서울특별시 서대문구 성산로 512-39,(대신동/이화여대부속초등학교),126.942775077877,37.5611502235257
예일초등학교,3412,서울특별시 은평구 연서로 117,/ 예일초등학교 (구산동),126.914792838283,37.6109458980893
선일초등학교,3322,서울특별시 은평구 갈현로29길 27,/ 선일초등학교 (갈현동),126.911993073275,37.6203042094228
서울홍제초등학교,3616,서울특별시 서대문구 홍은중앙로 13,/ 서울홍제초등학교 (홍은동),126.945336524574,37.5934809108736
서울홍은초등학교,3617,서울특별시 서대문구 세검정로 105,/ 홍제동/서울홍은초등학교 (홍제동),126.949457988833,37.5975402724558
서울홍연초등학교,3657,서울특별시 서대문구 백련사길 55,/ 서울홍연초등학교 (홍은동),126.93066044978,37.582118713581
서울한서초등학교,4123,서울특별시 마포구 대흥로24바길 27,/ 서울한서초 (염리동),126.949778833645,37.5536478329572
서울창천초등학교,4102,서울특별시 마포구 백범로1길 56,/ 서울창천초등학교 (노고산동),126.939295148137,37.5549178201995
서울창서초등학교,3787,서울특별시 서대문구 연세로5나길 30-3,(창천동/ 서울창서초등학교),126.933480871339,37.5581430512569
서울진관초등학교,3303,서울특별시 은평구 진관4로 78-16,(진관동/진관초등학교),126.929052478211,37.6454198616021
서울증산초등학교,3493,서울특별시 은평구 증산서길 61,(증산동),126.904276446505,37.5825652695002
서울중동초등학교,3949,서울특별시 마포구 월드컵북로 152,(성산동),126.911780404952,37.5664458381853
서울인왕초등학교,3629,서울특별시 서대문구 세무서길 33-9,(홍제동/서울인왕초등학교),126.944804483066,37.5902198832433
서울응암초등학교,3470,서울특별시 은평구 가좌로6길 20,/ 서울응암초등학교 (응암동),126.921616096958,37.5887531914177
서울은평초등학교,3382,서울특별시 은평구 은평로 239,(녹번동),126.934033612153,37.6023040358796
서울은진초등학교,3311,서울특별시 은평구 진관1로 21-20,/ 은진초등학교 (진관동),126.920996007067,37.6330440427703
서울은명초등학교,3453,서울특별시 은평구 은평로4길 21-9,/ 서울은명초등학교 (응암동),126.918275747068,37.5976791222992
서울용강초등학교,4136,서울특별시 마포구 백범로17길 9,(대흥동),126.944058506049,37.549112429713
서울염리초등학교,4155,서울특별시 마포구 토정로37길 37,/ 서울염리초등학교 (염리동),126.946247603396,37.5425709323083
서울연희초등학교,3723,서울특별시 서대문구 연희로 136,(연희동/ 서울연희초등학교),126.934142303217,37.5690459271047
서울연천초등학교,3348,서울특별시 은평구 연서로34길 22,/ 연천초등학교 (불광동),126.929917884841,37.6213492886599
서울연은초등학교,3476,서울특별시 은평구 백련산로2길 35,/ 서울연은초등학교 (응암동),126.925112608529,37.5905122161631
서울연신초등학교,3338,서울특별시 은평구 연서로 347,(불광동),126.927751281025,37.6260599638981
서울연광초등학교,3342,서울특별시 은평구 연서로35길 37,/ 서울연광초등학교 (불광동),126.923909005211,37.6236487604699
서울연가초등학교,3670,서울특별시 서대문구 증가로12가길 49-50,/ 연가초등학교 (남가좌동),126.917329192961,37.5795632014616
서울역촌초등학교,3420,서울특별시 은평구 은평로3길 25,/ 서울역촌초등학교 (역촌동/서울역촌초등학교),126.913928033442,37.6015841686977
서울안산초등학교,3731,서울특별시 서대문구 통일로 321,(홍제동),126.952209733658,37.5791690097819
서울아현초등학교,4117,서울특별시 마포구 굴레방로 6,(아현동),126.956596106511,37.5558159936174
서울신석초등학교,4090,서울특별시 마포구 대흥로 33,/ 서울신석초등학교 (신수동),126.937779457981,37.5445357278463
서울신사초등학교,3442,서울특별시 은평구 가좌로 275-2,/ 서울신사초등학교 (신사동),126.911983196588,37.5928348327068
서울신북초등학교,3941,서울특별시 마포구 월드컵북로38길 26,/ 서울신북초등학교 (중동),126.904868991641,37.5715459609872
서울신도초등학교,3310,서울특별시 은평구 진관1로 77-23,/ 서울신도초등학교 (진관동),126.929198935551,37.6329384289784
서울수색초등학교,3489,서울특별시 은평구 수색로16길 21,(수색동),126.896012135221,37.5851721490482
서울소의초등학교,4202,서울특별시 마포구 마포대로24길 42,(아현동/소의초등학교),126.960655552156,37.552781864533
서울성원초등학교,3939,서울특별시 마포구 월드컵로36길 34,(성산동),126.905013630897,37.5669324413569
서울성서초등학교,3968,서울특별시 마포구 성미산로7길 24,(성산동),126.910759005302,37.5610150373718
서울성산초등학교,4023,서울특별시 마포구 양화로3길 94,/ 서울성산초등학교 (합정동),126.910669687285,37.5534453328883
서울서신초등학교,3444,서울특별시 은평구 은평터널로 150,(신사동),126.907382316218,37.5922940508202
서울서교초등학교,4054,서울특별시 마포구 와우산로23길 20-27,(서교동),126.924382439365,37.554881730967
서울서강초등학교,4067,서울특별시 마포구 독막로 113,(상수동/서강초등학교),126.927430860042,37.5481050750929
서울상지초등학교,3905,서울특별시 마포구 월드컵로42길 30,/ 서울상지초등학교 (상암동),126.882073551893,37.5797510164641
서울상암초등학교,3912,서울특별시 마포구 월드컵북로 353,(상암동/상암초등학교),126.891959952963,37.5763095825917
서울상신초등학교,3439,서울특별시 은평구 가좌로 361,(신사동),126.904604886275,37.5975537179419
서울불광초등학교,3358,서울특별시 은평구 불광로 51,/ 서울불광초등학교 (불광동),126.930718712253,37.6134294463781
서울북한산초등학교,3307,서울특별시 은평구 대서문길 42-3,/ 서울북한산초등학교 (진관동),126.950462446061,37.6536320835839
서울북성초등학교,3769,서울특별시 서대문구 북아현로1나길 22,(북아현동/ 북성초등학교),126.951834913817,37.55963212308
서울북가좌초등학교,3714,서울특별시 서대문구 거북골로19길 20,(북가좌동/ 서울북가좌초등학교),126.907778193085,37.5772202096676
서울미동초등학교,3740,서울특별시 서대문구 충정로 52,(미근동/ 서울미동초등학교),126.965886060285,37.5633505669619
서울망원초등학교,3955,서울특별시 마포구 방울내로5길 28,(망원동/ 망원초등학교),126.901117241,37.5610439363669
서울마포초등학교,4171,서울특별시 마포구 도화2길 64,/ 서울 마포초등학교 (도화동),126.949973786127,37.5386376331175
서울동교초등학교,3959,서울특별시 마포구 월드컵로25길 86,/ 동교초등학교 (망원동),126.902078300574,37.5583376929114
서울대조초등학교,3388,서울특별시 은평구 연서로18길 17,(대조동),126.919302166743,37.613579143925
서울대은초등학교,3391,서울특별시 은평구 통일로69길 12-15,/ 서울대은초등학교 (대조동),126.925869811138,37.6123671176016
서울대신초등학교,3767,서울특별시 서대문구 이화여대2길 27,(대현동/ 서울대신초등학교),126.948057240166,37.5579475491997
서울녹번초등학교,3380,서울특별시 은평구 녹번로1길 1,(녹번동/ 서울녹번초등학교),126.925746281804,37.6045833930687
서울금화초등학교,3735,서울특별시 서대문구 통일로 165,(천연동/서울금화초등학교),126.962941434617,37.5688275546965
서울구현초등학교,3428,서울특별시 은평구 갈현로15길 51,(구산동/구현초등학교),126.905707319658,37.6097895968758
서울구산초등학교,3426,서울특별시 은평구 서오릉로15길 16,(구산동/ 구산초등학교),126.909376492632,37.6127509583582
서울공덕초등학교,4214,서울특별시 마포구 만리재옛길 13,(공덕동/ 공덕초등학교),126.954823056539,37.5458033455121
서울고은초등학교,3645,서울특별시 서대문구 모래내로 441,(홍제동/ 서울고은초등학교),126.943974937789,37.585001844196
서울갈현초등학교,3331,서울특별시 은평구 연서로29길 31,/ 갈현초등학교 (갈현동),126.916683441356,37.6197796356231
명지초등학교,3656,서울특별시 서대문구 명지2길 32-20,(홍은동),126.928231470941,37.5836299393884
경기초등학교,3746,서울특별시 서대문구 경기대로9길 10,(충정로2가/경기초등학교),126.962860648912,37.5651102907996
서울양원숲초등학교,2057,서울특별시 중랑구 양원역로 95,(망우동/ 서울양원숲초등학교),127.105433722535,37.6090497375586
서울새솔초등학교,2055,서울특별시 중랑구 신내역로1길 164,(신내동/서울새솔초등학교),127.111328411856,37.6179523956105
서울삼육초등학교,2458,서울특별시 동대문구 회기로10길 63,/ 서울삼육초등학교 (회기동),127.0482485373,37.5896941349867
은석초등학교,2520,서울특별시 동대문구 장안벚꽃로 205,(장안동/ 은석초등학교),127.076003088926,37.5784502701654
서울휘봉초등학교,2511,서울특별시 동대문구 장안벚꽃로 309,(휘경동/서울휘봉초등학교),127.070041638322,37.5856764110055
서울휘경초등학교,2495,서울특별시 동대문구 망우로6길 48,(휘경동/ 서울휘경초등학교),127.057916891964,37.5856754144498
서울홍파초등학교,2479,서울특별시 동대문구 고산자로 518,(제기동),127.039414975087,37.586120384461
서울홍릉초등학교,2457,서울특별시 동대문구 회기로 90,(청량리동),127.047705124334,37.5906875196186
서울청량초등학교,2452,서울특별시 동대문구 회기로25길 31,(회기동/서울청량초등학교),127.055908478798,37.5923093987643
서울중흥초등학교,2089,서울특별시 중랑구 봉화산로 82,/ 서울중흥초등학교 (중화동),127.083849146888,37.6014097153165
서울중화초등학교,2085,서울특별시 중랑구 신내로7가길 22,/ 서울중화초등학교 (신내동),127.094064994908,37.6029216253955
서울중목초등학교,2130,서울특별시 중랑구 동일로 665,/ 서울중목초등학교 (면목동),127.079200700601,37.5900368304084
서울중랑초등학교,2132,서울특별시 중랑구 봉우재로6길 26,(면목동/중랑초등학교),127.075503730195,37.5896624582228
서울중곡초등학교,2245,서울특별시 중랑구 면목로23길 20,(면목동/중곡초등학교),127.083439043719,37.5748917275114
서울종암초등학교,2574,서울특별시 동대문구 무학로44길 25,(제기동),127.031856383108,37.5823074106355
서울전동초등학교,2508,서울특별시 동대문구 전농로16길 61,/ 서울전동초등학교 (전농동),127.060805297019,37.5790832853249
서울전농초등학교,2541,서울특별시 동대문구 사가정로 66,/ 서울전농초등학교 (전농동),127.054333139122,37.574730314638
서울전곡초등학교,2505,서울특별시 동대문구 전농로 172,(전농동),127.056012445216,37.5807042921469
서울장평초등학교,2523,서울특별시 동대문구 답십리로,", 69길 27 (전농동)",127.058958260045,37.5728706947252
서울이문초등학교,2411,서울특별시 동대문구 신이문로 16,(이문동/ 서울이문초등학교),127.064885003959,37.6018964867149
서울원묵초등학교,2022,서울특별시 중랑구 숙선옹주로 109,/ 서울원묵초등학교 (묵동),127.08681415088,37.6177488108138
서울용두초등학교,2583,서울특별시 동대문구 천호대로13길 43,(용두동),127.0283819823,37.5764049847235
서울안평초등학교,2641,서울특별시 동대문구 장한로14길 61,/ 서울안평초등학교 (장안동),127.072033422513,37.565968213548
서울신현초등학교,2075,서울특별시 중랑구 봉화산로 188,(신내동),127.093521755522,37.6058145949305
서울신묵초등학교,2011,서울특별시 중랑구 동일로149길 46,(묵동/신묵초등학교),127.075835832737,37.6065228487307
서울신답초등학교,2592,서울특별시 동대문구 천호대로 177,(답십리동/서울신답초등학교),127.042961687519,37.5727046089059
서울신내초등학교,2071,서울특별시 중랑구 용마산로125나길 22,(신내동/신내초등학교),127.100128462105,37.6049342235675
서울상봉초등학교,2096,서울특별시 중랑구 동일로126가길 11,/ 서울상봉초등학교 (상봉동),127.083171419175,37.5979789522459
서울봉화초등학교,2027,서울특별시 중랑구 신내로15길 110,(신내동/봉화초등학교),127.092408488473,37.6135762310839
서울배봉초등학교,2509,서울특별시 동대문구 사가정로 193,/ 배봉초등학교 (전농동),127.066871936075,37.58008416213
서울묵현초등학교,2008,서울특별시 중랑구 동일로157길 75,/ 묵현초등학교,127.073928695922,37.609044756978
서울묵동초등학교,2050,서울특별시 중랑구 동일로138길 27,/ 서울묵동초등학교 (중화동),127.080827217486,37.603359494137
서울면중초등학교,2193,서울특별시 중랑구 용마산로70길 43,", 서울면중초등학교 (면목동)",127.096550877754,37.5824417903374
서울면일초등학교,2184,서울특별시 중랑구 용마산로100길 13,/ 면일초등학교 (망우동),127.099794712349,37.5920415995378
서울면북초등학교,2180,서울특별시 중랑구 용마공원로5길 32,/ 서울면북초등학교 (망우동),127.103547800182,37.5944181555082
서울면목초등학교,2160,서울특별시 중랑구 면목로 434,(면목동),127.087287822911,37.5906965996805
서울면동초등학교,2220,서울특별시 중랑구 면목로57길 32,(면목동/ 면동초등학교),127.085961098757,37.5852407128388
서울면남초등학교,2251,서울특별시 중랑구 면목로30나길 38,(면목동/면남초등학교),127.087666433029,37.5772597202711
서울망우초등학교,2179,서울특별시 중랑구 망우로72길 49,/ 서울망우초등학교 (망우동),127.103841751495,37.5987369776708
서울동원초등학교,2061,서울특별시 중랑구 송림길 114,/ 서울동원초등학교 (망우동),127.104292115551,37.604668339535
서울동답초등학교,2609,서울특별시 동대문구 답십리로60길 12,(답십리동/서울동답초등학교),127.06403409435,37.5715014215127
서울답십리초등학교,2601,서울특별시 동대문구 전농로3길 23,/ 서울답십리초등학교 (답십리동),127.055427038114,37.5688043221289
서울군자초등학교,2632,서울특별시 동대문구 한천로6길 21,/ 서울군자초등학교 (장안동),127.060523298508,37.5641223174494
금성초등학교,2028,서울특별시 중랑구 신내로21길 55,/ 금성초등학교 (신내동),127.089858462734,37.6153151256555
경희초등학교,2447,서울특별시 동대문구 경희대로 26,/ 경희초등학교 (회기동/ 경희대학교),127.054890960564,37.5939491407769
